query,rank,title,url,snippet,domain
masaz kobido efekty,1,masaz kobido efekty 1,https://d1.pl/1,s,d1.pl
masaz kobido efekty,2,masaz kobido efekty 2,https://d2.pl/2,s,d2.pl
masaz kobido efekty,3,masaz kobido efekty 3,https://d3.pl/3,s,d3.pl
masaz kobido efekty,4,masaz kobido efekty 4,https://d4.pl/4,s,d4.pl
masaz kobido efekty,5,masaz kobido efekty 5,https://d5.pl/5,s,d5.pl
masaz kobido efekty,6,masaz kobido efekty 6,https://d6.pl/6,s,d6.pl
masaz kobido efekty,7,masaz kobido efekty 7,https://d7.pl/7,s,d7.pl
masaz kobido efekty,8,masaz kobido efekty 8,https://d8.pl/8,s,d8.pl
masaz kobido efekty,9,masaz kobido efekty 9,https://d9.pl/9,s,d9.pl
masaz kobido efekty,10,masaz kobido efekty 10,https://d10.pl/10,s,d10.pl
masaz kobido dla kobiet,1,masaz kobido dla kobiet 1,https://d1.pl/1,s,d1.pl
masaz kobido dla kobiet,2,masaz kobido dla kobiet 2,https://d2.pl/2,s,d2.pl
masaz kobido dla kobiet,3,masaz kobido dla kobiet 3,https://d3.pl/3,s,d3.pl
masaz kobido dla kobiet,4,masaz kobido dla kobiet 4,https://d4.pl/4,s,d4.pl
masaz kobido dla kobiet,5,masaz kobido dla kobiet 5,https://d5.pl/5,s,d5.pl
masaz kobido dla kobiet,6,masaz kobido dla kobiet 6,https://d6.pl/6,s,d6.pl
masaz kobido dla kobiet,7,masaz kobido dla kobiet 7,https://d7.pl/7,s,d7.pl
masaz kobido dla kobiet,8,masaz kobido dla kobiet 8,https://d8.pl/8,s,d8.pl
masaz kobido dla kobiet,9,masaz kobido dla kobiet 9,https://d9.pl/9,s,d9.pl
masaz kobido dla kobiet,10,masaz kobido dla kobiet 10,https://d10.pl/10,s,d10.pl
masaz kobido niepolomice,1,masaz kobido niepolomice 1,https://d1.pl/1,s,d1.pl
masaz kobido niepolomice,2,masaz kobido niepolomice 2,https://d2.pl/2,s,d2.pl
masaz kobido niepolomice,3,masaz kobido niepolomice 3,https://d3.pl/3,s,d3.pl
masaz kobido niepolomice,4,masaz kobido niepolomice 4,https://d4.pl/4,s,d4.pl
masaz kobido niepolomice,5,masaz kobido niepolomice 5,https://d5.pl/5,s,d5.pl
masaz kobido niepolomice,6,masaz kobido niepolomice 6,https://d6.pl/6,s,d6.pl
masaz kobido niepolomice,7,masaz kobido niepolomice 7,https://d7.pl/7,s,d7.pl
masaz kobido niepolomice,8,masaz kobido niepolomice 8,https://d8.pl/8,s,d8.pl
masaz kobido niepolomice,9,masaz kobido niepolomice 9,https://d9.pl/9,s,d9.pl
masaz kobido niepolomice,10,masaz kobido niepolomice 10,https://d10.pl/10,s,d10.pl
